order_id,product_id,add_to_cart_order,reordered,product_name,aisle_id,department_id
40,10070,1,1,Organic 1% Low Fat Milk,84,16
40,42450,2,1,Macaroni & Cheese,38,1
40,33198,3,1,Sparkling Natural Mineral Water,115,7
40,34866,4,1,Chocolate Milk 1% Milkfat,84,16
178,49235,1,1,Organic Half & Half,53,16
178,6369,2,0,Chunky Peanut Butter,88,13
214,5499,1,0,Organic Cream Of Chicken Condensed Soup,69,15
214,8424,2,0,Broccoli Crown,83,4
214,37053,3,0,Just Mayo,72,13
214,24852,4,1,Banana,24,4
214,21329,5,0,Organic Hearty Split Pea & Uncured Ham Soup,69,15
214,25093,6,1,Colby Jack Cheese,21,16
214,25043,7,0,Instant Oatmeal Variety Pack,130,14
214,25890,8,1,Boneless Skinless Chicken Breasts,49,12
214,40545,9,0,Berry Medley,116,1
280,29672,1,1,Lactose Free Low Fat Vanilla Yogurt,120,16
280,432,2,1,Vanilla Almond Breeze Almond Milk,91,16
280,23102,3,1,Organic 1% Milk,84,16
280,44765,4,1,Colby Cheese Sticks,21,16
280,19057,5,1,Organic Large Extra Fancy Fuji Apple,24,4
280,30233,6,1,Organic Large Brown Grade AA Cage Free Eggs,86,16
280,47766,7,1,Organic Avocado,24,4
280,22035,8,1,Organic Whole String Cheese,21,16
280,21137,9,1,Organic Strawberries,24,4
280,17708,10,1,Organic Corn Tortillas,128,3
280,25936,11,1,EnviroKidz Gluten Free & Wheat Free Gorilla Munch Corn Puff Cereal,121,14
280,36792,12,1,Gluten Free Omega Flax & Fiber Bread,112,3
280,2732,13,1,Gluten Free Pretzel Sticks,107,19
280,21607,14,1,Gluten Free Vanilla Granola,57,14
280,38293,15,1,Ground Turkey Breast,35,12
280,8518,16,1,Organic Red Onion,83,4
280,13176,17,1,Bag of Organic Bananas,24,4
280,31238,18,1,Blue Corn Tortilla Chips,107,19
280,45002,19,1,Organic Balsamic Vinegar Of Modena,19,13
280,17284,20,1,Organic Sugar Snap Peas,83,4
280,9521,21,1,Organic Whole O's Gluten Free Cereal,121,14
280,6046,22,1,Boneless Skinless Chicken Breast,35,12
280,7358,23,1,Verde Salsa,30,6
280,13829,24,1,Mild Salsa,51,13
280,44359,25,1,Organic Small Bunch Celery,83,4
280,31717,26,1,Organic Cilantro,16,4
280,21387,27,0,Non-Fat Vanilla Yogurt,120,16
280,17600,28,0,"YoKids Squeezers Organic Low-Fat Yogurt, Strawberry",120,16
280,10126,29,1,All Natural Gluten Free Teff Wraps,128,3
377,19678,1,1,Organic Russet Potato,83,4
377,21405,2,1,"Organic Red Radish, Bunch",83,4
377,38383,3,1,Organic White Onions,83,4
377,38153,4,1,Original Pizza Crusts Frozen,79,1
377,28928,5,1,Uncured Black Forest Ham,96,20
377,18288,6,1,Sea Salt Potato Chips,107,19
377,26032,7,1,Dairy Free Mozarella Style Shreds,21,16
377,29228,8,1,Original Traditional Dijon Mustard,72,13
377,13805,9,1,Gluten Free Everything Baked Cracker,78,19
377,33000,10,1,Pure Irish Butter,36,16
377,14129,11,1,Organic Chicken Bone Broth,69,15
504,19894,1,0,Enlightened Organic Raw Kombucha,31,7
504,2237,2,0,Homemade Salted Butter,36,16
504,6628,3,0,Lemon Verbena Fabric Softener,75,17
504,49533,4,1,Cane Sugar,17,13
504,5025,5,0,Green Onions,83,4
504,15392,6,1,Organic Mayonnaise,72,13
504,19678,7,1,Organic Russet Potato,83,4
504,22935,8,1,Organic Yellow Onion,83,4
504,14540,9,1,Organic Beefsteak Tomato,83,4
504,17316,10,1,Vitamin D Organic Whole Milk,84,16
504,34358,11,1,Garlic,83,4
504,5077,12,1,100% Whole Wheat Bread,112,3
504,23130,13,1,Organic Sliced Bamboo Shoots,81,15
504,21560,14,1,Cut Hearts Of Palm,1,20
504,2994,15,1,"Sushi Nori, Pacific, Organic",66,6
504,35678,16,0,All Natural Organic Green Lentils,63,9
504,26242,17,0,Organic Black Lentils,63,9
504,3098,18,0,Lavender Dish Soap,74,17
504,12442,19,0,Basil Dish Soap,74,17
504,33290,20,0,Lemon Verbena Dish Soap,74,17
637,49621,1,1,Challah Bread,112,3
637,21137,2,1,Organic Strawberries,24,4
637,34949,3,1,Hand Picked Pomegranate Seeds/Arils,123,4
637,24841,4,0,Aged White Cheddar Baked Rice & Corn Puffs Gluten Free Lunch Packs,107,19
637,14633,5,0,Veggie Chips,107,19
637,7175,6,1,Organic Whipped Naturally Buttery Spread,91,16
708,23039,1,1,Fat Free Cream Cheese,108,16
708,5077,2,0,100% Whole Wheat Bread,112,3
708,47626,3,0,Large Lemon,24,4
708,16797,4,1,Strawberries,24,4
708,47766,5,0,Organic Avocado,24,4
708,28476,6,0,Organic Small Curd Cottage Cheese,108,16
708,15872,7,0,Celery Hearts,83,4
708,16398,8,0,Guava Goddess Organic Kambucha,31,7
814,46627,1,1,Sesame Blues Corn Tortilla Chips,107,19
814,6485,2,1,Jarro-Dophilus + FOS Probiotic Supplement,70,11
814,13176,3,1,Bag of Organic Bananas,24,4
814,27325,4,1,Alpine Spring Water,115,7
814,43772,5,1,Cherubs Heavenly Salad Tomatoes,83,4
814,15290,6,1,Orange Bell Pepper,83,4
835,39527,1,1,Chocolate Lowfat Milk,84,16
835,34915,2,1,Oikos Fat Free Vanilla Greek Yogurt,120,16
835,21333,3,0,Original Whipped Cream Cheese,108,16
835,34690,4,1,100% Juice Apple Juice,98,7
835,28427,5,0,Vitamin D Whole Milk,84,16
835,21376,6,1,Pretzel Crisps Original Deli Style Pretzel Crackers,107,19
835,33129,7,0,Classic Hummus,67,20
835,27663,8,1,GOLEAN Crunch! Cereal,121,14
835,42157,9,1,Plus Rich Chocolate Complete Nutritional Drink,65,11
835,7274,10,0,Cheese & Pepperoni Mini Bagels,129,1
835,22236,11,0,Cookies Traypack,61,19
835,4347,12,0,Extralean Ground Turkey Breast,49,12
835,8204,13,0,Traditional Favorites Tomato & Basil Pasta Sauce,9,9
835,25544,14,0,Fresh Cut Golden Sweet Whole Kernel Corn,81,15
835,22275,15,0,Sriracha Hot Chili Sauce,66,6
835,41787,16,0,Bartlett Pears,24,4
877,26620,1,1,Peach Pear Flavored Sparkling Water,115,7
877,30353,2,1,Curate Cherry Lime Sparkling Water,115,7
877,28342,3,1,Pineapple Strawberry Naturally Essenced Sparkling Water,115,7
877,25146,4,0,Original Orange Juice,31,7
877,24382,5,0,Ranch Dressing,89,13
877,27344,6,0,Uncured Genoa Salami,96,20
889,3896,1,1,Organic Honey Sweet Whole Wheat Bread,112,3
889,38689,2,1,Organic Reduced Fat Milk,84,16
889,13176,3,1,Bag of Organic Bananas,24,4
889,6000,4,1,Organic Baby Romaine,123,4
889,29126,5,1,Organic Strawberry Chia Lowfat 2% Cottage Cheese,108,16
889,1374,6,1,Organic Hass Avocado Bag,83,4
889,37646,7,1,Organic Gala Apples,24,4
889,43122,8,1,Organic Bartlett Pear,24,4
889,47105,9,0,Organic Pineapple Cottage Cheese,100,21
889,21009,10,1,"Crispy Wheat, Crackers",78,19
889,43713,11,1,Organic Creamy Peanut Butter,88,13
975,11352,1,0,Organic Mini Sandwich Crackers Peanut Butter,78,19
975,23938,2,0,Chocolate Sorbet,37,1
975,3479,3,0,Classic Whipped Cream,53,16
975,19272,4,1,Veganic Sprouted Brown Rice Cacao Crisps,121,14
975,39190,5,1,Vanilla Unsweetened Almond Milk,91,16
975,38944,6,0,Seven Grain Crispy Tenders,42,1
975,14881,7,0,Organic Yukon Select Fries,129,1
975,21463,8,1,Vanilla Bean Light Ice Cream,37,1
1052,27548,1,1,Original Semisoft Cheese,21,16
1052,22504,2,0,Organic Mountain Forest Amber Honey,29,13
1052,12384,3,0,Organic Lactose Free 1% Lowfat Milk,91,16
1052,22856,4,0,100% Goats Milk,84,16
1052,4920,5,1,Seedless Red Grapes,123,4
1052,39984,6,0,Organic Dill,16,4
1052,39619,7,0,Organic Tomato Basil Pasta Sauce,9,9
1052,44880,8,0,100% Organic Premium Whole Wheat Flour,17,13
1052,43920,9,0,Organic Powdered Sugar,17,13
1052,27573,10,0,Sweet Potato Littles,129,1
1052,34243,11,1,Organic Baby Broccoli,83,4
1103,2099,1,0,Natural Cane Turbinado Sugar,17,13
1103,13557,2,0,Decaffeinated Green Tea Bags,94,7
1103,35749,3,0,Ginger Tea,94,7
1103,33391,4,0,Chai Latte K-Cup Packs .4 oz Coffee,26,7
1103,34405,5,0,Original Fat Free Powder Coffee Creamer,53,16
1132,5077,1,0,100% Whole Wheat Bread,112,3
1132,1875,2,1,To Go Creamy Peanut Butter Cups,88,13
1132,2238,3,0,Vitamin C Super Orange Dietary Supplement,47,11
1425,22825,1,1,Organic D'Anjou Pears,24,4
1425,33731,2,1,Grated Parmesan,21,16
1425,21137,3,1,Organic Strawberries,24,4
1425,47209,4,1,Organic Hass Avocado,24,4
1425,4605,5,1,Yellow Onions,83,4
1425,44142,6,0,Red Onion,83,4
1425,45,7,1,European Cucumber,83,4
1425,2825,8,0,Organic Original Hommus,67,20
1425,21506,9,0,Organic Raisin Bran Cereal,121,14
1425,42736,10,1,Unsalted Butter,36,16
1425,7503,11,0,Whole Almonds,117,19
1425,2309,12,0,Organic Ground Flaxseed,47,11
1425,22713,13,0,Ground Chicken Breast,35,12
1425,28934,14,0,Frozen Broccoli Florets,116,1
1425,14678,15,0,Organic Frozen Peas,116,1
1425,7781,16,0,Organic Sticks Low Moisture Part Skim Mozzarella String Cheese,21,16
1425,10132,17,1,Organic American Cheese Singles,21,16
1425,31506,18,0,Extra Virgin Olive Oil,19,13
1425,20460,19,1,Organic Quick Cooking Rolled Oats,130,14
1425,33089,20,0,"Goji Berries, Sun-Dried",117,19
1425,7647,21,0,Turkey Meatballs,13,20
1425,37825,22,0,Organic Whole Wheat Fusilli,131,9
1425,40229,23,0,Organic Whole Wheat Penne Rigate,131,9
1425,24964,24,0,Organic Garlic,83,4
1425,30620,25,0,Roasted Garlic & Olive Oil Pearled Couscous,4,9
1425,38984,26,0,Kale & Spinach Superfood Puffs,92,18
1425,43421,27,0,"Little Yums Spinach, Apple, and Kale Teething Wafers",92,18
1425,39442,28,0,Hot Kid Toddler Mum-Mum Organic Rice Biscuit Strawberry,92,18
1458,16797,1,0,Strawberries,24,4
1458,43352,2,1,Raspberries,32,4
1458,9839,3,1,Organic Broccoli,83,4
1458,8803,4,0,Fully Husked & Trimmed Super Sweet Corn,32,4
1483,32818,1,1,Organic Pink Lemonade Bunny Fruit Snacks,50,19
1483,27582,2,1,Dark Chocolate Minis,45,19
1483,12302,3,1,"Sparkling Water, Natural Mango Essenced",115,7
1483,1831,4,1,Peach-Pear Sparkling Water,115,7
1483,19204,5,1,Organic Heritage Flakes Cereal,121,14
1483,10180,6,1,Popped Salted Caramel Granola Bars,3,19
1483,1545,7,1,"Healthy Grains Granola Bar, Vanilla Blueberry",3,19
1483,18352,8,1,Flax Plus Organic Pumpkin Flax Granola,57,14
1483,16464,9,1,Sweet & Salty Nut Almond Granola Bars,3,19
1483,5531,10,0,Cool Mint Chocolate Energy Bar,3,19
1483,7118,11,0,Chocolate Chip Energy Bars,3,19
1483,20985,12,1,Trail Mix Fruit & Nut Chewy Granola Bars,3,19
1509,49235,1,1,Organic Half & Half,53,16
1509,33565,2,1,Uncrustables Reduced Sugar Peanut Butter & Grape Soft Bread Sandwiches,38,1
1509,20114,3,1,Jalapeno Peppers,83,4
1509,46097,4,1,Instant Breakfast Essentials Rich Milk Chocolate Drink Packets,90,7
1509,41517,5,1,Sidekicks Chocolate Shake,92,18
1509,30591,6,1,Cinnamon Brown Sugar Breakfast Biscuits,48,14
1509,37634,7,1,Toilet Bowl Cleaner with Bleach Rain Clean,114,17
1509,48898,8,1,Bathroom Bleach Foamer,114,17
1509,5268,9,1,Bagel Bites Three Cheese Mini Bagel Pizzas,129,1
1509,27985,10,1,Smartwater Electrolyte Enhanced Water,115,7
1509,41120,11,1,Prime Fillet Solid White Albacore in Water,95,15
1509,46041,12,1,Beef Franks,106,12
1509,4137,13,1,Whole Grain Oat Cereal,121,14
1509,41290,14,1,Lemonade,31,7
1509,36956,15,1,Stringless Sugar Snap Peas,123,4
1509,48205,16,1,Spinach,123,4
1509,32734,17,1,Spaghetti,131,9
1509,24852,18,1,Banana,24,4
1509,41714,19,1,Smooth & Balanced Pike Place Medium Roast Ground Coffee,26,7
1509,40708,20,1,Fennel,83,4
1509,35921,21,1,Organic Large Grade A Brown Eggs,86,16
1509,32700,22,1,Original Whipped Cream,53,16
1509,14218,23,1,Grade A Large Eggs Cage Free Omega 3,86,16
1509,33122,24,1,Peanut Butter Dark Chocolate Protein Chewy Bars,3,19
1509,39877,25,1,Organic Granny Smith Apple,24,4
1509,14897,26,1,Sweet Potato Yam,83,4
1509,34909,27,1,Platinum Erasing Dish Foam Fresh Rapids Scent,74,17
1509,16797,28,1,Strawberries,24,4
1509,27845,29,1,Organic Whole Milk,84,16
1509,20126,30,1,Salt,104,13
1509,16707,31,1,Butt Paste Original Diaper Rash Ointment,6,2
1509,635,32,1,Little Bites Snickerdoodle Muffins,61,19
1509,26863,33,1,Original Frosted Mini Wheats Little Bites,121,14
1509,15363,34,0,Mini Round Containers + Lids,85,17
1509,20955,35,1,Cereal,121,14
1509,38544,36,1,Organic Whole Milk Strawberry Beet Berry Yogurt Pouch,120,16
1509,6532,37,1,Organic YoKids Very Berry Smoothies,120,16
1509,32689,38,1,Romaine Hearts,123,4
1509,40174,39,0,2% Reduced Fat Organic Milk,84,16
1509,24677,40,1,"Swaddlers Diapers Jumbo Pack, Size 4",56,18
1509,14211,41,1,Baby Food Stage 2 Pumpkin Banana,92,18
1509,34134,42,1,Spinach Peas & Pear Stage 2 Baby Food,92,18
1509,47888,43,1,Apple and Carrot Stage 2 Baby Food,92,18
1509,4753,44,1,Organic Apple Raisin & Quinoa Stage 2 Baby Food,92,18
1509,49044,45,1,"Organic Pears, Peas and Broccoli Puree Stage 1",92,18
1509,19627,46,1,Butternut Squash Pear Stage 2 Baby Food,92,18
1509,30192,47,1,Organic 4 Months Butternut Squash Carrots Apples + Prunes Baby Food,92,18
1509,37003,48,1,"Organic Apples, Carrots and Parsnips Puree",92,18
1509,23527,49,1,Baby Food Stage 2 Sweet Potato Mango & Millet,92,18
1509,11440,50,1,Chicken Breast Tenders Breaded,129,1
1509,16900,51,1,Original Whole Grain Chips,107,19
1509,34565,52,1,Peanut Butter Whole Grain Clusters,57,14
1520,9175,1,1,Diet Coke Caffeine Free Soda,77,7
1520,26767,2,1,No Calorie Sweetener Packets,17,13
1520,45154,3,1,Pure & Smooth Green Tea,94,7
1520,42450,4,1,Macaroni & Cheese,38,1
1520,36107,5,1,smartwater® Electrolyte Enhanced Water,115,7
1563,15406,1,0,Enchilada Wrap,13,20
1662,26604,1,1,Organic Blackberries,24,4
1662,22720,2,1,Meatles  Soy Gluten-Free Grounds,42,1
1662,9463,3,1,Meatless & Soy Free Frozen Chik'n Tenders,42,1
1662,17794,4,1,Carrots,83,4
1662,7026,5,1,"Sparkling Mineral Water, Natural Lemon Flavor",115,7
1662,33754,6,1,Total 2% with Strawberry Lowfat Greek Strained Yogurt,120,16
1662,21137,7,1,Organic Strawberries,24,4
1662,37646,8,1,Organic Gala Apples,24,4
1662,47209,9,1,Organic Hass Avocado,24,4
1662,10070,10,1,Organic 1% Low Fat Milk,84,16
1662,48162,11,1,Probiotic Dairy Culture Strawberry,70,11
1662,49519,12,0,Raspberry Essence Water,115,7
1662,27104,13,1,Fresh Cauliflower,83,4
1662,4952,14,0,Unsweet Peach Water,115,7
1662,2855,15,1,Organic Good Seed Bread,112,3
1662,13176,16,1,Bag of Organic Bananas,24,4
1662,36550,17,1,Organic Extra Large Grade AA Brown Eggs,86,16
1662,49075,18,0,Organic Brown Rice,38,1
1662,28411,19,0,California Extra Virgin Olive Oil,19,13
1662,27966,20,1,Organic Raspberries,123,4
1662,47042,21,0,Organic Red On the Vine Tomato,83,4
1662,40706,22,1,Organic Grape Tomatoes,123,4
1770,26456,1,1,Italian Pizza Crust Original 12oz,128,3
1770,24852,2,1,Banana,24,4
1770,40621,3,1,Broccoli & Cauliflower,116,1
1770,12218,4,1,Classic Wheat Bread,112,3
1770,45588,5,1,Pizzeria Style Classic Crust Pepperoni Pizza,79,1
1770,13375,6,1,Vitaminwater Zero Focus Kiwi-Strawberry,37,1
1770,23037,7,1,Singles Pepperoni French Bread Pizzas,79,1
1770,12782,8,1,Bun Length Beef Franks,106,12
1770,17122,9,1,Honeycrisp Apples,24,4
1770,30661,10,1,Lower Sugar Maple & Brown Sugar Instant Oatmeal,130,14
1770,6799,11,1,Revive Zero Vitamin Water,64,7
1770,27966,12,1,Organic Raspberries,123,4
1770,43457,13,1,Gentle Cleansing Bars,127,11
1770,22750,14,1,Finely Shredded Mild Cheddar Cheese,21,16
1770,5819,15,1,Baby Carrots,123,4
1770,34203,16,0,Natural Applesauce Snack & Go Pouches,99,15
1770,46041,17,0,Beef Franks,106,12
1843,30639,1,0,Organic Orange Juice,98,7
1843,41149,2,0,Organic Riced Cauliflower,100,21
1843,20995,3,0,Organic Broccoli Florets,116,1
1843,11574,4,0,Light & Lean Black Bean and Cheese Enchilada,38,1
1843,40380,5,0,Light and Lean Meatless Swedish Meatballs With Broccoli And Pasta,38,1
1843,26914,6,0,Bean & Cheese Burrito,38,1
1843,162,7,0,Organic Mini Homestyle Waffles,52,1
1843,48679,8,0,Organic Garnet Sweet Potato (Yam),83,4
1843,30825,9,0,Organic Maple Agave Pancake Syrup,29,13
1843,28985,10,0,Michigan Organic Kale,83,4
1843,37687,11,0,Organic Spring Mix,123,4
1843,22908,12,0,Sesame Street Organic Homestyle Mini Pancakes,52,1
1843,18288,13,0,Sea Salt Potato Chips,107,19
1843,34592,14,0,Organic Allspice,104,13
1843,18656,15,0,Organic Red Potato,83,4
1843,8518,16,0,Organic Red Onion,83,4
1843,36145,17,0,"Mashed Potatoes, Organic, Home Style",4,9
1944,39092,1,0,Smart Sandwich,85,17
1944,14218,2,0,Grade A Large Eggs Cage Free Omega 3,86,16
2013,32080,1,0,Refill Infant Milk-Based with Iron 16.6 oz Pouches Infant Formula Powder,92,18
2013,44864,2,0,Baby 1st Foods Carrots,92,18
2013,19488,3,0,Select-A-Size White Paper Towels,54,17
2013,24852,4,0,Banana,24,4
2013,7901,5,0,"Ice Pops Sugar Free, Orange, Cherry, Grape",37,1
2013,22025,6,0,YoBaby Blueberry Apple Yogurt,120,16
2013,40708,7,0,Fennel,83,4
2013,39993,8,0,Vine Ripe Tomatoes,83,4
2013,41549,9,0,Burrata Mozzarela Cheese,21,16
2013,12276,10,0,Chocolate Chip Cookie Dough Ice Cream,37,1
2013,5490,11,0,Creamy Mushroom Chicken Pot Pie,38,1
2013,13966,12,0,Chicken Pot Pie,38,1
2013,21472,13,0,Original Pepperoni Pizza,79,1
2127,32773,1,0,VEGET TOMATO BASIL,50,19
2127,18727,2,0,Smoked Apple Sage Sausages,106,12
2127,5618,3,1,Cauliflower,83,4
2127,283,4,1,Organic Whole Wheat Elbows,131,9
2127,30305,5,1,Fancy Eggplant,83,4
2127,47734,6,1,Organic Green Cabbage,83,4
2127,14704,7,1,Organic Bagged Valencia Oranges,24,4
2127,44570,8,1,Kale Greens,83,4
2127,34358,9,1,Garlic,83,4
2142,26209,1,0,Limes,24,4
2142,35921,2,1,Organic Large Grade A Brown Eggs,86,16
2142,28842,3,1,Bunched Cilantro,16,4
2142,28083,4,1,Healthy Multi Grain Bread,112,3
2142,14553,5,1,Oats & Honey Granola,57,14
2142,25146,6,1,Original Orange Juice,31,7
2142,7644,7,1,Scoops! Tortilla Chips,107,19
2142,42936,8,1,Nacho Cheese Chips,107,19
2142,22823,9,0,Roasted Bell Peppers,110,13
2142,41290,10,1,Lemonade,31,7
2142,2564,11,1,100% Tomato Juice,98,7
2142,17617,12,0,David Seeds Sunflower Seeds,117,19
2142,16254,13,0,ZBar Organic Chocolate Brownie Energy Snack,3,19
2199,24852,1,0,Banana,24,4
2199,17616,2,1,Goldfish Cheddar Baked Snack Crackers,78,19
2199,47877,3,0,Coke Zero,77,7
2199,33313,4,0,Dark Sumatra Ground Coffee,26,7
2199,651,5,0,Organic Salted Butter,36,16
2199,16953,6,1,Creamy Peanut Butter,88,13
2199,49615,7,1,Cran-Apple Juice Drink,98,7
2199,42972,8,1,Natural Pure Sparkling Water,115,7
2199,7693,9,0,Cran-Raspberry Flavored Sparkling Water,115,7
2199,24600,10,1,Extra Strength Assorted Fruit Antacid,70,11
2199,18811,11,1,Organic Apple Juice,98,7
2199,6128,12,1,Original Fresh Stack Crackers,78,19
2199,36393,13,1,Eggo Buttermilk Waffles,52,1
2199,35518,14,1,Frosted Chocolate Cup Cakes  with Creamy Filling,61,19
2199,47144,15,1,Unsweetened Original Almond Breeze Almond Milk,91,16
2327,44632,1,1,Sparkling Water Grapefruit,115,7
2327,10851,2,1,Natural Alpine Spring Water,115,7
2327,26620,3,1,Peach Pear Flavored Sparkling Water,115,7
2383,24964,1,0,Organic Garlic,83,4
2383,37250,2,0,Cut Green Beans,116,1
2383,27521,3,1,Organic Lacinato (Dinosaur) Kale,83,4
2383,41950,4,0,Organic Tomato Cluster,83,4
2383,42445,5,0,Organic Plain Whole Milk Yogurt,120,16
2383,11481,6,1,Organic Quinoa & Brown Rice With Garlic,63,9
2383,19677,7,1,Original Pure Creamy Almond Milk,91,16
2383,7948,8,1,Organic Unsalted Butter,36,16
2383,27683,9,1,Black Beans No Salt Added,59,15
2383,10749,10,1,Organic Red Bell Pepper,83,4
2383,22935,11,1,Organic Yellow Onion,83,4
2383,5876,12,1,Organic Lemon,24,4
2383,42768,13,0,Organic Garbanzo Beans,59,15
2383,7715,14,1,Rosemary Ham,96,20
2383,27104,15,1,Fresh Cauliflower,83,4
2593,13176,1,1,Bag of Organic Bananas,24,4
2593,5612,2,1,Reduced Fat Milk,84,16
2593,8193,3,0,Russet Potato,83,4
2593,32486,4,0,Shredded 3 Cheese Blend,21,16
2593,47209,5,1,Organic Hass Avocado,24,4
2863,17579,1,1,Cream Top Strawberry on the Bottom Yogurt,120,16
2863,21137,2,1,Organic Strawberries,24,4
2863,2825,3,1,Organic Original Hommus,67,20
2863,42265,4,1,Organic Baby Carrots,123,4
2863,10749,5,1,Organic Red Bell Pepper,83,4
2863,42307,6,1,Organic Reduced Fat 2% Cottage Cheese,108,16
2863,47209,7,1,Organic Hass Avocado,24,4
2863,2770,8,1,Brownberry Natural Wheat Bread,112,3
2863,2966,9,0,Pure Coconut Water,98,7
2863,42828,10,1,Whipped Cream Cheese,108,16
2863,22035,11,1,Organic Whole String Cheese,21,16
2863,42701,12,1,Organic Sour Cream,108,16
2863,781,13,0,Organic Shredded Mild Cheddar,21,16
2863,16017,14,0,Organic Mild Taco Seasoning Mix,104,13
2863,13524,15,0,Gluten Free Plain Tortilla,58,1
2863,29824,16,1,Gluten Free Margherita Pizza,79,1
2863,44116,17,0,Goodness Grapeness Organic Juice Drink,98,7
2863,37417,18,1,Gluten Free Pretzel Twists,107,19
2863,24928,19,1,Cocoa & Vanilla Bunny Cookies Gluten Free Bunny Cookies Gluten Free,61,19
2863,6873,20,0,Organic Iceberg Lettuce,83,4
2863,24964,21,1,Organic Garlic,83,4
2863,46667,22,0,Organic Ginger Root,83,4
2863,7704,23,0,Liquid Aminos All Purpose Seasoning,104,13
2863,38383,24,0,Organic White Onions,83,4
2863,25630,25,0,Healthy Grains Fiber Cinnamon Oat Clusters,57,14
2863,41527,26,0,Organic Mild Salsa,51,13
2863,32303,27,0,Red Seedless Grapes,24,4
2863,18389,28,0,Blood Orange Italian Soda,77,7
3031,27086,1,1,Half & Half,53,16
3031,33120,2,1,Organic Egg Whites,86,16
3218,6857,1,0,Pasta Sauce Cherry Tomato Marinara,9,9
3218,17706,2,0,Organic Whole Grain Wheat English Muffins,93,3
3218,5782,3,1,Grade A Large White Eggs,86,16
3218,1117,4,1,Turkey Bacon,106,12
3218,39046,5,0,Smok Cured Turkey Bacon,106,12
3218,11782,6,1,Bing Cherries,24,4
3218,32429,7,0,Red Mango,24,4
3218,40486,8,1,Chicken Tenders,49,12
3218,30839,9,0,Homestyle Breaded Chicken Breast Tenders,129,1
3245,26250,1,1,Mini Pancakes,52,1
3245,39982,2,1,Sausage  Links,42,1
3245,18439,3,1,Sliced Sourdough Bread,112,3
3245,17615,4,1,Calcium Pulp Free Orange Juice,31,7
3245,13974,5,1,Reduced Fat Creamy Peanut Butter Spread,88,13
3245,5460,6,1,Butter,36,16
3245,30696,7,1,Eggo Homestyle Waffles,52,1
3245,16797,8,1,Strawberries,24,4
3245,20995,9,1,Organic Broccoli Florets,116,1
3245,22959,10,1,Reduced Fat Milk 100% Lactose Free,91,16
3245,6236,11,1,BBQ Ranch Chopped Salad,123,4
3245,21553,12,1,Lowfat 2% Milkfat Cottage Cheese,108,16
3245,23955,13,1,Vanilla Soy Milk,91,16
3245,2566,14,1,Mold and Mildew Remover with Bleach,114,17
3245,31670,15,1,Buttermilk Complete Pancake Mix,130,14
3245,18963,16,1,Apple Cider Vinegar,19,13
3245,24382,17,1,Ranch Dressing,89,13
3245,49176,18,0,Cinnamon Roll Dough With Icing,105,13
3283,22565,1,1,"Disinfecting Wipes, Lemon Scent",114,17
3283,39678,2,1,Free & Clear Natural Dishwasher Detergent,74,17
3283,21137,3,1,Organic Strawberries,24,4
3283,13176,4,1,Bag of Organic Bananas,24,4
3283,27966,5,0,Organic Raspberries,123,4
3283,38456,6,1,Large Grapefruit,24,4
3283,4149,7,0,Frozen Organic Blueberries,24,4
3283,10360,8,1,Dragon Fruit,24,4
3283,46969,9,1,Organic Bosc Pear,24,4
3283,8174,10,1,Organic Navel Orange,24,4
3283,7578,11,0,Quince,83,4
3283,38383,12,1,Organic White Onions,83,4
3283,15872,13,1,Celery Hearts,83,4
3283,10749,14,1,Organic Red Bell Pepper,83,4
3283,43768,15,1,Organic Bell Pepper,83,4
3283,15290,16,1,Orange Bell Pepper,83,4
3283,44047,17,0,Lightly Toasted Almond Butter Crunchy,88,13
3283,22849,18,1,Bunny-Luv Fresh Organic Carrots,123,4
3283,2846,19,0,Organic Green Onions,83,4
3283,17858,20,0,Everyday 2 Ply Premium Napkins,54,17
3283,31915,21,0,Organic Red Delicious Apple,24,4
3283,45063,22,0,Organic Baby Bella Mushrooms,123,4
3283,26940,23,0,Organic Large Green Asparagus,83,4
3283,15455,24,0,Organic Extra Virgin Oil Olive,19,13
3449,22888,1,0,90% Lean Ground Beef,122,12
3449,45223,2,1,Just Green Unsweetened Tea,94,7
3449,21137,3,1,Organic Strawberries,24,4
3449,24333,4,1,Peach Mango Iced Green Tea,94,7
3449,27872,5,1,Zero Calorie Iced Green Tea Raspberry,94,7
3452,12953,1,1,Organic Just Tart Cherry Juice,98,7
3558,44479,1,1,Organic Stringles Mozzarella String Cheese,21,16
3558,8575,2,1,Unprocessed American Singles Colby-Style Cheese,21,16
3558,35503,3,0,Organic Vanilla Almond Milk,91,16
3558,5785,4,1,Organic Reduced Fat 2% Milk,84,16
3655,13575,1,1,Apples,24,4
3655,37710,2,0,Trail Mix,125,19
3655,6184,3,1,Clementines,32,4
3666,13176,1,1,Bag of Organic Bananas,24,4
3666,7252,2,1,Deep Green Blends Kale,32,4
3666,19691,3,1,Green Seedless Grapes,32,4
3666,31805,4,1,Gourmet Tomato Medley,32,4
3666,32689,5,0,Romaine Hearts,123,4
3666,14715,6,0,Coconut Water,98,7
3807,6729,1,0,Cookie Tray,8,3
3834,25146,1,0,Original Orange Juice,31,7
3834,24363,2,0,Lemon Cayenne Agave Cold Pressed Juice Beverage,31,7
3834,20282,3,0,Blue Machine 100% Juice Smoothie,31,7
3834,27413,4,0,100% Mighty Mango Juice Smoothie,31,7
3834,22159,5,0,Red Machine Juice Smoothie,31,7
3834,21497,6,0,White Sandwich Bread,112,3
3834,12341,7,0,Hass Avocados,32,4
3927,10960,1,0,Nutritional Yeast Seasoning,104,13
3927,48328,2,0,Nutritional Yeast Flakes,17,13
3927,2078,3,1,Unsalted Pure Irish Butter,36,16
3927,10948,4,0,Organic Brown Rice Flour Gluten Free,100,21
3927,31553,5,1,Fresh Ginger Root,83,4
3927,5876,6,1,Organic Lemon,24,4
3927,28842,7,1,Bunched Cilantro,16,4
3927,20114,8,1,Jalapeno Peppers,83,4
3927,18159,9,1,Organic Biologique Limes,123,4
3927,19820,10,1,Grassmilk 2% Reduced Fat Milk,84,16
3927,13083,11,1,Lowfat Small Curd Cottage Cheese,108,16
3927,39984,12,1,Organic Dill,16,4
3927,21903,13,1,Organic Baby Spinach,123,4
3927,40706,14,1,Organic Grape Tomatoes,123,4
3927,38439,15,1,Mara Natha Organic Peanut Butter Creamy,88,13
3927,35547,16,1,Organic Baby Kale,83,4
3927,22963,17,1,Organic Roasted Turkey Breast,96,20
3927,22672,18,1,Pasta Zero Spaghetti Shirataki Noodles,14,20
3927,2626,19,0,Roasted Walnut Pecan Caramel Marshmallows,45,19
3927,18531,20,1,Organic Heavy Whipping Cream,53,16
3927,29274,21,0,Mung Bean Sprouts,123,4
3927,4506,22,0,"Rick Sticks, Vermicelli",66,6
3927,44359,23,1,Organic Small Bunch Celery,83,4
3927,11136,24,1,Organic Low Sodium Chicken Cooking Stock,69,15
3927,48017,25,0,Organic Hoisin Sauce,5,13
3927,8174,26,1,Organic Navel Orange,24,4
3927,43789,27,1,Organic Basil,16,4
3989,3896,1,1,Organic Honey Sweet Whole Wheat Bread,112,3
3989,5547,2,1,Roasted Sesame Seaweed Snacks,66,6
3989,2452,3,1,Naturals Chicken Nuggets,129,1
3989,12341,4,1,Hass Avocados,32,4
3989,26521,5,1,Organic Grass-Fed Classic Mild Cheddar Macaroni & Cheese,4,9
3989,30599,6,1,Homemade Vodka Sauce,9,9
3989,33402,7,1,Core Original Grain Free Dry Dog Food,40,8
4163,38318,1,1,Original Flavor Instant Oatmeal,130,14
4163,28599,2,1,Flavor Variety Instant Oatmeal,130,14
4163,20320,3,0,Lactose and Fat Free Milk,84,16
4163,432,4,1,Vanilla Almond Breeze Almond Milk,91,16
4163,41008,5,1,Original Moisture Body Lotion,127,11
4307,25557,1,0,Black Tie Frosted Cupcake,8,3
4515,20598,1,1,Thousand Island Salad Snax,50,19
4515,43400,2,1,Raspberry Vinaigrette Salad Snax,50,19
4515,35140,3,0,Organic Whole Cashews,117,19
4515,38847,4,0,Organic Whole Kernel Unrefined Coconut Oil,19,13
4548,43692,1,0,Shredded Mozzarella Cheese,21,16
4548,27845,2,1,Organic Whole Milk,84,16
4548,36011,3,1,Organic Fat Free Milk,84,16
4548,24852,4,1,Banana,24,4
4558,23554,1,0,Organic Vanilla Bean Ice Cream,37,1
4558,20052,2,0,Organic Cinnamon Sticks,104,13
4572,45154,1,1,Pure & Smooth Green Tea,94,7
4572,36107,2,1,smartwater® Electrolyte Enhanced Water,115,7
4572,9175,3,1,Diet Coke Caffeine Free Soda,77,7
4572,44585,4,1,Anti Viral Upright Facial Tissue,54,17
4572,1940,5,0,Organic 2% Reduced Fat Milk,84,16
4595,31829,1,0,Creme De Menthe Thins,45,19
4595,32226,2,0,Milk Chocolate English Toffee Miniatures Candy Bars,45,19
4595,8143,3,1,Baker's Pure Cane Ultrafine Sugar,17,13
4595,20738,4,0,Plain Bagels,93,3
4595,8832,5,0,Cinnamon Bread,112,3
4721,34197,1,1,Goat Milk,84,16
4721,27695,2,1,Natural Chicken & Sage Breakfast Sausage,106,12
4721,13176,3,1,Bag of Organic Bananas,24,4
4721,20738,4,1,Plain Bagels,93,3
4721,12099,5,1,Honey Greek Yogurt,120,16
4721,18465,6,1,Organic Grade A Free Range Large Brown Eggs,86,16
4721,42265,7,1,Organic Baby Carrots,123,4
4721,11068,8,1,Medium Cheddar Cheese Block,21,16
4721,6489,9,1,Backyard Barbeque Potato Chips,107,19
4721,29798,10,1,Organic Lasagna with Meat Sauce,38,1
4721,41375,11,1,Organic Atage 3 Nibbly Fingers Mangoes Carrots,92,18
4721,27845,12,1,Organic Whole Milk,84,16
4721,13801,13,1,Free & Clear Overnight Diapers Size 5,56,18
4721,21137,14,1,Organic Strawberries,24,4
4721,26298,15,1,Thin Crust Margherita Pizza with Fresh Mozzarella & Basil,79,1
4721,10017,16,0,Tilapia Filet,39,12
4721,7559,17,0,Cinnamon Rolls with Icing,105,13
4721,33043,18,0,Crescent Rolls,105,13
4721,22935,19,0,Organic Yellow Onion,83,4
4721,34969,20,0,Red Vine Tomato,83,4
4721,35951,21,0,Organic Unsweetened Almond Milk,91,16
4758,3298,1,1,Mozzarella String Cheese,21,16
4758,38996,2,1,Grape Tomatoes,83,4
4758,34234,3,1,Grade AA Large White Eggs,86,16
4758,45066,4,1,Honeycrisp Apple,24,4
4758,30726,5,1,Organic Assam Black Tea,94,7
4758,45761,6,1,Turkey Breast Thin Sliced Honey Roasted Deli Select,96,20
4758,18110,7,1,Rice Crackers Sesame,78,19
4758,24372,8,1,Organic Free Range Chicken with White & Wild Rice Soup,69,15
4758,41557,9,1,Original Deli Style Pretzel Crackers,107,19
4758,26040,10,1,"Deli Fresh Honey Ham, 97% Fat Free, Gluten Free",96,20
4758,6348,11,1,Mini Original Babybel Cheese,21,16
4758,19348,12,1,Fat Free Milk,84,16
4758,28307,13,1,Soft Taco Whole Wheat Tortillas,128,3
4758,29307,14,1,Baby Arugula,123,4
4758,41509,15,1,Whole Grain CountryWild Rice,63,9
4758,6493,16,1,Thai Jasmine Rice,63,9
4758,26188,17,0,Scrubbing Bubbles Lemon Power All Purpose Disinfectant Cleaner,114,17
4758,15872,18,0,Celery Hearts,83,4
4766,29529,1,1,Lemon-Lime Soda,77,7
4766,32271,2,1,Original Applesauce,99,15
4766,13544,3,1,3 Color Deli Coleslaw,123,4
4766,8214,4,1,Easy Mac Original Flavor Macaroni & Cheese Dinner,4,9
4766,40142,5,1,Zebra Cakes,61,19
4766,15097,6,1,Light Mayonnaise,72,13
4766,21568,7,1,American Cheese Singles,21,16
4766,11432,8,1,Chopped Kale,123,4
4766,28632,9,1,Premium Sweet Petites Carrots,123,4
4766,12508,10,1,Red Bell Pepper,83,4
4766,10193,11,1,Shredded Carrots,123,4
4766,11773,12,1,Classic Roast Medium Ground Coffee,26,7
4814,40092,1,1,Sea Salt Kettle Chips,107,19
4814,40824,2,1,Vegan Sour Cream & Onion Kettle Chips,107,19
4814,25551,3,1,Big Sur Breakfast Burrito,52,1
4814,40146,4,1,Almond Milk Hazelnut Creamer,91,16
4814,432,5,1,Vanilla Almond Breeze Almond Milk,91,16
4814,4357,6,1,Organic Chocolate Almondmilk Pudding,71,16
4814,26756,7,1,Light CocoWhip! Coconut Whipped Topping,6,2
4814,33647,8,1,Blue Chips Corn Tortilla Chips,107,19
4814,25197,9,1,Iced Oatmeal Cookie Kid Z Bar,3,19
4814,16254,10,1,ZBar Organic Chocolate Brownie Energy Snack,3,19
4814,49667,11,1,Enchilada with Spanish Rice & Beans Meal,38,1
4814,34276,12,1,Pecan Caramel Almond Creamer,91,16
4814,40587,13,1,Light & Lean Sweet & Sour Asian Noodle Pasta,38,1
4814,39625,14,1,Soy Whip Whipped Topping,53,16
4814,6860,15,1,Organic Balsamic Vinaigrette,89,13
4814,14074,16,1,"Cheese Alternative, American Style, Slices",21,16
4814,36695,17,1,Organic Hothouse Cucumbers,83,4
4814,28289,18,0,Organic Shredded Carrots,123,4
4814,36510,19,1,Lightly Breaded Turk'y Cutlets,42,1
4814,39225,20,1,Golden Fishless Filet,42,1
4814,1542,21,1,Mini Crispy Crabless Cakes,34,1
4814,30909,22,1,Telera Rolls,43,3
4814,43789,23,1,Organic Basil,16,4
4814,21295,24,1,Organic Spaghetti Squash,83,4
4814,24830,25,0,Organic Romaine,123,4
4814,21449,26,0,Teriyaki Chick'n Strips,42,1
4814,3952,27,1,Organic Broccoli Crowns,83,4
4814,22935,28,1,Organic Yellow Onion,83,4
4814,24964,29,1,Organic Garlic,83,4
4814,46979,30,1,Asparagus,83,4
4814,47008,31,1,Sliced Water Chestnuts,66,6
4814,37825,32,0,Organic Whole Wheat Fusilli,131,9
4864,30776,1,0,Organic Raw Kombucha Gingerade,31,7
4864,17158,2,0,Classic Cosmic Cranberry Kombucha,27,5
4864,45603,3,0,Trilogy Kombucha Drink,31,7
4864,48559,4,1,Synergy Organic Kombucha Gingerberry,31,7
4864,20738,5,1,Plain Bagels,93,3
4864,44613,6,0,"Ice Cream, Organic, Land of Milk and Honey",37,1
4864,211,7,1,Gluten Free Organic Cereal Coconut Maple Vanilla,130,14
4864,12950,8,1,Gluten Free Organic Oat Based Cereal,130,14
4864,46561,9,0,Organic Superfood Oat Based Espresso Maca Mulberry Cereal,130,14
4864,28601,10,0,Collard Greens,83,4
4864,19542,11,0,Organic Green Superfood Chocolate Chip Coconut Bar,3,19
4864,5433,12,0,Superfood Bar Maca Maple Organic,3,19
4864,39276,13,1,Bananas,24,4
4890,24852,1,1,Banana,24,4
4890,47626,2,1,Large Lemon,24,4
4890,4957,3,1,Total 2% Lowfat Greek Strained Yogurt With Blueberry,120,16
4890,33754,4,1,Total 2% with Strawberry Lowfat Greek Strained Yogurt,120,16
4890,46676,5,1,Total 0% Nonfat Greek Yogurt,120,16
4890,22124,6,1,Total 0% Raspberry Yogurt,120,16
4890,24838,7,1,Unsweetened Almondmilk,91,16
5010,23147,1,1,Gut Shot Classic,110,13
5010,34040,2,1,Organic Gut Shot Ginger Beet Probiotic Drink,81,15
5010,17272,3,1,Gut Shot Garlic Dill Pickle,110,13
5146,27985,1,1,Smartwater Electrolyte Enhanced Water,115,7
5146,10032,2,1,Cola Soft Drink,77,7
5146,44292,3,0,Premium Unsweetened Iced Tea,94,7
5150,4656,1,0,Raspberry Preserves,88,13
5150,42736,2,0,Unsalted Butter,36,16
5150,33845,3,0,Organic YoBaby Vanilla Yogurt,120,16
5150,19678,4,0,Organic Russet Potato,83,4
5150,35108,5,0,Salted Butter,36,16
5150,21137,6,0,Organic Strawberries,24,4
5150,43122,7,0,Organic Bartlett Pear,24,4
5150,11782,8,0,Bing Cherries,24,4
5150,23541,9,0,Veri Veri Teriyaki Marinade & Sauce,5,13
5150,39928,10,0,Organic Kiwi,24,4
5150,24964,11,0,Organic Garlic,83,4
5150,19558,12,0,Raw Honey,29,13
5150,22035,13,0,Organic Whole String Cheese,21,16
5150,33043,14,0,Crescent Rolls,105,13
5228,30233,1,1,Organic Large Brown Grade AA Cage Free Eggs,86,16
5228,29265,2,1,Traditional Lavash Flatbread,128,3
5228,33572,3,1,Lactose Free 2% Reduced Fat Milk,91,16
5228,34050,4,1,Orange Juice,31,7
5228,9018,5,1,All Natural Virgin Lemonade,31,7
5228,12341,6,1,Hass Avocados,32,4
5228,27966,7,1,Organic Raspberries,123,4
5228,21137,8,1,Organic Strawberries,24,4
5228,26283,9,0,White Corn,83,4
5228,5933,10,0,Wild Caught Frozen Sockeye Salmon Fillet,39,12
